<tool id="wLogDate" name="Date phylogenies using wLogDate" version="1.0.0" python_template_version="3.7">
    <requirements>
	<requirement type="package" version="1.0.0">wlogdate</requirement>
    </requirements>
    <command detect_errors="exit_code"><![CDATA[
	    launch_wLogDate.py -i '$input2' -o '$output1' $backward $keep
		#if $input1
		    -t "$input1"
		#end if
	        #if $leaftime
	            -f "$leaftime"
	        #end if
	        #if $roottime
	            -r "$roottime"
	        #end if
	        #if $seqlen
	            -l "$seqlen"
	        #end if
	        #if $iters
	            -p "$iters"
	        #end if
    ]]></command>
    <inputs>
        <param type="data" name="input2" label="Input tree" format="newick" />
	<param type="data" name="input1" label="Sampling times" format="tsv,tabular" optional="true" 
		help="Sampling times / Calibration points (see below for format). This option overrides root time and leaf times whenever conflicts occur." />
	<param name="backward" type="boolean" label="Backward Time"
		       truevalue="-b" falsevalue=""
		help="Use backward time and enforce ultrametricity. 
		Make sure to select this if time is measured backwards (i.e., lower means closer to leaves).
		This option is useful for fossil calibrations." />
	<param name="keep" type="boolean" label="Keep internal labels"
		       truevalue="-k" falsevalue=""
		       help="Suppress auto label assignment to internal nodes.
		                        WARNING: LogDate uses the labels to identify calibration points / sampling times. 
						Use this option only if your tree has UNIQUE LABELING FOR ALL nodes." />
	<param name="leaftime" label="Leaf Time" type="float" 
		help="Divergence time at leaves. To be used with either root time or backward time to produce ultrametric tree. 
		" optional="true"/>
	<param name="roottime" label="Root Time" type="float" 
		help=" Divergence time at root.
                         Default:  None when sampling times given. Otherwise, 1 if time is backward and 0 otherwise." optional="true"/>
	<param name="seqlen" label="Sequence Length" type="integer" 
		               help="The length of the sequences, used to set the default pseudocount. Default: 1000 " optional="true"/>
	<param name="iters" label="Iterations" type="integer" 
		help="The number of random replicates used for initialization. Default: 1" optional="true"/>
    </inputs>
    <outputs>
        <data name="output1" format="newick" />
    </outputs>
    <tests>
        <test>
            <param name="input1" value="input.txt"/>
            <param name="input2" value="input.nwk"/>
            <param name="backward" value="true"/>
            <output name="output1">
		    <assert_contents>
			<has_text text="[t=" />
			<has_text text="I31[t=2" />
		    </assert_contents>
	    </output>
        </test>
    </tests>
    <help><![CDATA[
     * **Sampling time format:** 
	    The sampling time is given in text format and is a tab-delimited file, with one time per line.
	    It must have two columns: the species names and the corresponding sampling times.
	    For example, lines

	    000009  9.36668

	    000010  9.36668

	    000011  11.3667

	    000012  11.3667

	    show that leaves `000009` and `000010` are sampled at time 9.36668 while nodes `000011` and `000012` are sampled at time 11.3667. 

	    * **Note:** These times are assumed to be forward; i.e, smaller values mean closer to the root of the tree. The top of the branch above the root is assumed to be 0. These settings can be changed. 

    * When sampling times are provided, they take precedent over both root time and leaf times (overwrites them when conflicting).
    * When sampling times are not provided, the tree is made ultrametric. You can use the leaf time and the root time to control the tree height. 
    * Time is assumed to be forward by default (smaller is older). Select backward time to change this setting. 
    * Default values of leaf time and root time depend on whether time backward or forward. 
    * With backward time:
	* Without -t, -r, and -f: assign all leaf times to 0 (i.e. present time) and root time to 1 (i.e. 1 unit of time backward) 
	* Without -t, with -r tR and -f tL: requires tR > tL 
	* With -t and without -f (with/without -r): assign all leaf times to 0 (i.e. present time) to enforce ultrametricity. 
		* If -r is used, root time will be fixed to that number, otherwise, root time will be inferred. 
	* With -t and -f (with/without -r): -t will override -f (and -r)
		whenever conflicts occur. If -t enforces heterogeneous
		sampling times at (some) leaves, the ultrametricity
		enforcement will be broken and the output tree can be
		non-ultrametric.
    ]]></help>
    <citations>
        <citation type="bibtex">
		@article{Mai2019,
		abstract = {Phylogenetic trees can only be inferred from sequence data with branch lengths estimated in the unit of the expected number of substitutions. The inferred trees give an incomplete view of evolutionary histories since no timing information can be inferred from these trees, but many applications of phylogenies require trees that have branch lengths in the unit of time. Many methods have been developed to translate the inferred edge lengths from substitution unit into the unit of time using calibration points, but none is universally accepted as they are challenged in both scalability and accuracy under complex models. Here, we introduce a new method that formulates dating as a non-convex optimization problem, where the variance of log-transformed rate multipliers are minimized across the tree. On simulated and real data, we show that our method, wLogDate, is often more accurate than alternatives and is more robust to model assumptions.},
		author = {Mai, Uyen and Mirarab, Siavash},
		doi = {10.1101/2019.12.20.885582},
		journal = {bioRxiv},
		month = {jan},
		pages = {2019.12.20.885582},
		title = {{Log Transformation Improves Dating of Phylogenies}},
		url = {http://biorxiv.org/content/early/2019/12/21/2019.12.20.885582.abstract},
		year = {2019}
		}
</citation>
        <citation type="bibtex">
@misc{githubwLogDate.git,
		author = {Uyen Mai, Siavahs Mirarab},
  year = {2020},
  title = {wLogDate.git},
  publisher = {GitHub},
  journal = {GitHub repository},
  url = { https://github.com/uym2/wLogDate.git},
}</citation>
    </citations>
</tool>
